Brand,Name,Price,Image,Rate
Acura,2024 Acura Integra,"Starting at $32,695","https://hips.hearstapps.com/hmg-prod/images/2024-acura-integra-type-s103-648a2982a3402.jpg?crop=0.718xw:0.604xh;0.0593xw,0.230xh&resize=600:*",8
Acura,2023 Acura TLX,"Starting at $41,245","https://hips.hearstapps.com/hmg-prod/images/2023-acura-tlx-type-s-pmc-edition5-64asdfads-6411d704b07b5.jpeg?crop=1.00xw:0.542xh;0,0.247xh&resize=600:*",7.5
Afeela,2026 Afeela EV Sedan,"Starting at $45,000 est","https://hips.hearstapps.com/hmg-prod/images/sony-afeela-front-three-quarters-2-1672884761.jpg?crop=0.941xw:0.940xh;0.0593xw,0.0598xh&resize=600:*",
Audi,2023 Audi A3,"Starting at $36,495","https://hips.hearstapps.com/hmg-prod/images/new-audi-a3-sedan-101-1595373883.jpg?crop=0.738xw:0.623xh;0.0440xw,0.0954xh&resize=600:*",8.5
Audi,2023 Audi A4,"Starting at $41,395","https://hips.hearstapps.com/hmg-prod/images/medium-6802-audia4-1654633069.jpg?crop=1.00xw:0.846xh;0,0.154xh&resize=600:*",8
Audi,2023 Audi A4 Allroad Quattro,"Starting at $46,995","https://hips.hearstapps.com/hmg-prod/images/a222417-medium-1656083522.jpg?crop=0.762xw:0.572xh;0.138xw,0.250xh&resize=600:*",7.5
Audi,2023 Audi A5,"Starting at $47,795","https://hips.hearstapps.com/hmg-prod/images/2023-audi-a5-front-exterior-1658502717.jpg?crop=0.759xw:0.757xh;0.217xw,0.243xh&resize=600:*",8
Audi,2023 Audi A5 Sportback,"Starting at $45,695","https://hips.hearstapps.com/hmg-prod/images/a213107-large-1655144753.jpg?crop=0.793xw:0.670xh;0.114xw,0.242xh&resize=600:*",8.5
Audi,2024 Audi A6,"Starting at $58,000 est","https://hips.hearstapps.com/hmg-prod/images/2024-audi-a6-109-64761a1aaf416.jpg?crop=0.558xw:0.471xh;0.181xw,0.300xh&resize=600:*",8.5
Audi,2023 Audi A6 Allroad,"Starting at $68,995","https://hips.hearstapps.com/hmg-prod/images/2023-audi-a6-allroad-exterior-front-1656525790.jpg?crop=0.855xw:0.721xh;0.145xw,0.191xh&resize=600:*",9
Audi,2024 Audi A6 e-tron,"Starting at $80,000 est","https://hips.hearstapps.com/hmg-prod/images/audi-a6-e-tron-concept-113-1618585274.jpg?crop=0.735xw:0.553xh;0.0489xw,0.323xh&resize=600:*",
Audi,2024 Audi A7,"Starting at $73,000 est","https://hips.hearstapps.com/hmg-prod/images/2024-audi-a7-103-64761bd3d4f80.jpg?crop=0.599xw:0.449xh;0.103xw,0.293xh&resize=600:*",9
Audi,2023 Audi A8,"Starting at $88,895","https://hips.hearstapps.com/hmg-prod/images/2022-audi-a8-103-1644872258.jpg?crop=0.795xw:0.670xh;0.0440xw,0.240xh&resize=600:*",9
Audi,2024 Audi e-tron GT,"Starting at $107,995","https://hips.hearstapps.com/hmg-prod/images/2024-audi-rs-e-tron-gt-101-649dc205d9a24.jpg?crop=0.586xw:0.496xh;0.207xw,0.315xh&resize=600:*",8.5
Audi,2023 Audi R8,"Starting at $161,395","https://hips.hearstapps.com/hmg-prod/images/2023-audi-r8-gt-front-three-quarters-motion-3-1664827965.jpg?crop=0.684xw:0.577xh;0.0321xw,0.281xh&resize=600:*",7.5
Audi,2023 Audi RS3,"Starting at $61,995","https://hips.hearstapps.com/hmg-prod/images/2022-audi-rs3-sedan-122-1660158870.jpg?crop=0.649xw:0.548xh;0.130xw,0.358xh&resize=600:*",8
Audi,2023 Audi RS5,"Starting at $78,995","https://hips.hearstapps.com/hmg-prod/images/2020-audi-rs5-coupe-107-1575990096.jpg?crop=0.775xw:0.655xh;0.195xw,0.269xh&resize=600:*",8
Audi,2023 Audi RS5 Sportback,"Starting at $79,295","https://hips.hearstapps.com/hmg-prod/images/audi-rs5-competition-package-15-1652285177.jpg?crop=0.770xw:0.650xh;0.0391xw,0.203xh&resize=600:*",8
Audi,2024 Audi RS6 Avant,"Starting at $124,000 est","https://hips.hearstapps.com/hmg-prod/images/2024-audi-rs6-performance-motion-front-1669663114.jpg?crop=0.816xw:0.689xh;0.0961xw,0.274xh&resize=600:*",8.5
Audi,2024 Audi RS7,"Starting at $126,000 est","https://hips.hearstapps.com/hmg-prod/images/2024-audi-rs7-performance-motion-front-2-1669663936.jpg?crop=0.729xw:0.615xh;0.255xw,0.300xh&resize=600:*",9.5
Audi,2023 Audi S3,"Starting at $47,895","https://hips.hearstapps.com/hmg-prod/images/2022-audi-s3-premium-plus-667-1644201407.jpg?crop=0.767xw:0.646xh;0.233xw,0.354xh&resize=600:*",8.5
Audi,2023 Audi S4,"Starting at $53,895","https://hips.hearstapps.com/hmg-prod/images/2020-audi-s4-103-1583467043.jpg?crop=0.682xw:0.577xh;0.202xw,0.249xh&resize=600:*",7
Audi,2024 Audi S5,"Starting at $57,895","https://hips.hearstapps.com/hmg-prod/images/2024-audi-s5-101-649dda9e9a6a8.jpg?crop=0.808xw:0.682xh;0.0863xw,0.269xh&resize=600:*",7
Audi,2024 Audi S5 Sportback,"Starting at $57,895","https://hips.hearstapps.com/hmg-prod/images/2024-audi-s5-sportback-104-649de3e15f440.jpg?crop=0.629xw:0.533xh;0.148xw,0.350xh&resize=600:*",7.5
Audi,2024 Audi S6,"Starting at $75,000 est","https://hips.hearstapps.com/hmg-prod/images/2024-audi-s6-104-64761a1c5fd38.jpg?crop=0.598xw:0.456xh;0.359xw,0.403xh&resize=600:*",8
Audi,2024 Audi S7,"Starting at $86,000 est","https://hips.hearstapps.com/hmg-prod/images/2024-audi-s7-sportback-101-64761c4dc0d77.jpg?crop=0.673xw:0.549xh;0.232xw,0.247xh&resize=600:*",9.5
Audi,2023 Audi S8,"Starting at $121,595","https://hips.hearstapps.com/hmg-prod/images/2022-audi-s8-fd-104-1649645148.jpg?crop=0.816xw:0.688xh;0.0749xw,0.224xh&resize=600:*",8.5
Audi,2023 Audi TT / TTS,"Starting at $53,295","https://hips.hearstapps.com/hmg-prod/images/1920x1920-my20-tt-roadster-19-inch-wheel-package-and-s-sport-seat-package-glacier-white-metallic-edit2-1653077663.jpg?crop=1.00xw:0.564xh;0,0.260xh&resize=600:*",7
Audi,2022 Audi TT RS,"Starting at $74,295","https://hips.hearstapps.com/hmg-prod/images/2020-audi-tt-rs-mmp-1-1638998586.jpg?crop=1.00xw:0.754xh;0,0.103xh&resize=600:*",8.5
Bentley,2024 Bentley Continental GT,"Starting at $240,000 est","https://hips.hearstapps.com/hmg-prod/images/2024-bentley-continental-gt-convertible-101-644bd404dcb7e.jpg?crop=0.749xw:0.633xh;0.217xw,0.276xh&resize=600:*",10
Bentley,2024 Bentley Flying Spur,"Starting at $215,000 est","https://hips.hearstapps.com/hmg-prod/images/2024-bentley-flying-spur-644bddfb89ff4.jpg?crop=0.595xw:0.457xh;0.155xw,0.343xh&resize=600:*",10
BMW,2023 BMW 2-series,"Starting at $38,395","https://hips.hearstapps.com/hmg-prod/images/2022-bmw-230i-coupe-302-1653594235.jpg?crop=0.596xw:0.501xh;0.200xw,0.470xh&resize=600:*",8.5
BMW,2023 BMW 2-series Gran Coupe,"Starting at $38,795","https://hips.hearstapps.com/hmg-prod/images/2023-bmw-2-series-gran-coupe-front-exterior-1657728089.jpg?crop=0.904xw:0.763xh;0,0.134xh&resize=600:*",7.5
BMW,2023 BMW 3-series,"Starting at $44,795","https://hips.hearstapps.com/hmg-prod/images/2023-bmw-m340i-xdrive-182-640f4380f300b.jpg?crop=0.622xw:0.523xh;0.0962xw,0.434xh&resize=600:*",9.5
BMW,2024 BMW 4-series,"Starting at $50,895","https://hips.hearstapps.com/hmg-prod/images/2021-bmw-m440i-xdrive-coupe-106-1602004316.jpg?crop=0.668xw:0.565xh;0.163xw,0.313xh&resize=600:*",8
BMW,2024 BMW 4-series Gran Coupe,"Starting at $49,295","https://hips.hearstapps.com/hmg-prod/images/2022-bmw-m440i-xdrive-gran-coupe-534-1658867021.jpg?crop=0.643xw:0.544xh;0.0993xw,0.439xh&resize=600:*",8.5
BMW,2024 BMW 5-series,"Starting at $58,895","https://hips.hearstapps.com/hmg-prod/images/2024-bmw-5-series-102-646e042386c17.png?crop=0.750xw:0.843xh;0.171xw,0.157xh&resize=600:*",
BMW,2024 BMW 7-series,"Starting at $97,395","https://hips.hearstapps.com/hmg-prod/images/p90486089-2023-bmw-760i-xdr-1667835057.jpg?crop=0.736xw:0.620xh;0.0570xw,0.380xh&resize=600:*",8.5
BMW,2024 BMW 8-series,"Starting at $90,395","https://hips.hearstapps.com/hmg-prod/images/2023-bmw-8-series-03-1643213321.jpg?crop=0.813xw:0.685xh;0.109xw,0.183xh&resize=600:*",8.5
BMW,2024 BMW 8-series Gran Coupe,"Starting at $91,795","https://hips.hearstapps.com/hmg-prod/images/2024-bmw-8-series-gran-coupe-101-64872c9715e27.jpg?crop=0.832xw:0.702xh;0.0962xw,0.250xh&resize=600:*",8.5
BMW,2024 BMW i4,"Starting at $53,195","https://hips.hearstapps.com/hmg-prod/images/2022-bmw-i4-edrive40-104-1659059092.jpg?crop=0.648xw:0.548xh;0.166xw,0.325xh&resize=600:*",10
BMW,2024 BMW i5,"Starting at $67,795","https://hips.hearstapps.com/hmg-prod/images/2024-bmw-i5-m60-xdrive-exterior-121-646d184e63490.jpg?crop=0.840xw:0.707xh;0.0505xw,0.293xh&resize=600:*",
BMW,2024 BMW i7,"Starting at $106,695","https://hips.hearstapps.com/hmg-prod/images/2024-bmw-i7-m70-119-643d69e564b2a.jpg?crop=0.609xw:0.514xh;0.298xw,0.385xh&resize=600:*",8.5
BMW,2026 BMW i8 M,"Starting at $160,000 est","https://hips.hearstapps.com/hmg-prod/images/bmw-vision-m-next-2-1561402880.jpg?crop=0.869xw:0.731xh;0.0657xw,0.216xh&resize=600:*",
BMW,2023 BMW M2,"Starting at $63,195","https://hips.hearstapps.com/hmg-prod/images/2023-bmw-m2-14-1665430075.jpg?crop=0.775xw:0.655xh;0.0261xw,0.178xh&resize=600:*",8.5
BMW,2024 BMW M3,"Starting at $75,295","https://hips.hearstapps.com/hmg-prod/images/2024-bmw-m3-110-1674509061.jpg?crop=0.760xw:0.642xh;0.0641xw,0.243xh&resize=600:*",9
BMW,2024 BMW M4,"Starting at $79,095","https://hips.hearstapps.com/hmg-prod/images/2021-bmw-m4-manual-108-1619673989.jpg?crop=0.775xw:0.655xh;0.117xw,0.152xh&resize=600:*",9
BMW,2025 BMW M5,"Starting at $120,000 est","https://hips.hearstapps.com/hmg-prod/images/2024-bmw-m5-sedan-rendering-1676575610.jpg?crop=0.818xw:0.723xh;0.135xw,0.277xh&resize=600:*",
BMW,2024 BMW M8,"Starting at $140,795","https://hips.hearstapps.com/hmg-prod/images/2024-bmw-m8-102-649c413018299.jpeg?crop=0.873xw:0.736xh;0.0472xw,0.235xh&resize=600:*",8.5
BMW,2023 BMW M8 Gran Coupe,"Starting at $136,095","https://hips.hearstapps.com/hmg-prod/images/2023-m8-competition-gran-coupe3-1643227897.jpeg?crop=0.761xw:0.642xh;0.240xw,0.320xh&resize=600:*",8.5
BMW,2023 BMW Z4,"Starting at $53,795","https://hips.hearstapps.com/hmg-prod/images/2023-bmw-z4-108-1663892711.jpg?crop=0.700xw:0.591xh;0.237xw,0.305xh&resize=600:*",9
Bollinger,2022 Bollinger B1,"Starting at $125,000","https://hips.hearstapps.com/hmg-prod/images/bollinger-b1-201-1607721576.jpg?crop=1.00xw:1.00xh;0,0&resize=600:*",
Bugatti,2022 Bugatti Chiron,"Starting at $3,300,000","https://hips.hearstapps.com/hmg-prod/images/bugatti-sur-mesure-chiron-pur-sport-106-1639069047.jpg?crop=0.766xw:0.647xh;0.234xw,0.353xh&resize=600:*",10
Buick,2025 Buick Electra E5,"Starting at $50,000 est","https://hips.hearstapps.com/hmg-prod/images/2025-buick-electra-e5-101-1671483918.jpg?crop=0.668xw:0.720xh;0.213xw,0.252xh&resize=600:*",
Buick,2024 Buick Enclave,"Starting at $45,295","https://hips.hearstapps.com/hmg-prod/images/2024-buick-enclacve-001-648733a238666.jpg?crop=0.649xw:0.547xh;0.351xw,0.400xh&resize=600:*",5.5
Buick,2024 Buick Encore GX,"Starting at $26,895","https://hips.hearstapps.com/hmg-prod/images/2024-buick-encore-gx-avenir-436-648092fb7c429.jpg?crop=0.657xw:0.554xh;0.280xw,0.446xh&resize=600:*",7.5
Buick,2024 Buick Envision,"Starting at $35,000 est","https://hips.hearstapps.com/hmg-prod/images/24my-buick-envision-exterior-64876ab0701c6.jpg?crop=0.813xw:0.685xh;0.187xw,0.205xh&resize=600:*",6.5
Buick,2024 Buick Envista,"Starting at $23,495","https://hips.hearstapps.com/hmg-prod/images/2024-buick-envista-7-6438308d3a8b0.jpg?crop=0.779xw:0.656xh;0.114xw,0.210xh&resize=600:*",
Byton,2022 Byton M-Byte,"Starting at $45,000 est","https://hips.hearstapps.com/hmg-prod/images/2021-byton-m-byte-mmp-1-1-1578422067.jpg?crop=1.00xw:0.847xh;0,0.151xh&resize=600:*",
Cadillac,2024 Cadillac Celestiq,"Starting at $300,000 est","https://hips.hearstapps.com/hmg-prod/images/2024-cadillac-celestiq-front-three-quarters-1666032837.jpg?crop=0.689xw:0.561xh;0.121xw,0.295xh&resize=600:*",
Cadillac,2024 Cadillac CT4,"Starting at $35,990","https://hips.hearstapps.com/hmg-prod/images/2024-cadillac-ct4-103-6489c8b917fa5.jpg?crop=0.725xw:0.575xh;0.127xw,0.425xh&resize=600:*",7.5
Cadillac,2024 Cadillac CT4-V Blackwing,"Starting at $62,890","https://hips.hearstapps.com/hmg-prod/images/2024-cadillac-ct4-v-blackwing-100-646e310f59709.jpg?crop=0.697xw:0.589xh;0.293xw,0.235xh&resize=600:*",10
Cadillac,2024 Cadillac CT5,"Starting at $39,790","https://hips.hearstapps.com/hmg-prod/images/2024-cadillac-ct5-sport-101-648a12c91c47f.jpg?crop=0.925xw:0.780xh;0.0749xw,0.127xh&resize=600:*",6.5
Cadillac,2024 Cadillac CT5-V Blackwing,"Starting at $94,890","https://hips.hearstapps.com/hmg-prod/images/2024-cadillac-ct5-v-blackwing-102-648c7f7997971.jpg?crop=0.839xw:0.709xh;0.112xw,0.154xh&resize=600:*",10
Chevrolet,2023 Chevrolet Bolt EUV,"Starting at $28,795","https://hips.hearstapps.com/hmg-prod/images/2023-chevrolet-bolt-euv-redline-edition-001-1654115619.jpg?crop=0.752xw:0.564xh;0.0472xw,0.213xh&resize=600:*",8
Chevrolet,2023 Chevrolet Bolt EV,"Starting at $27,495","https://hips.hearstapps.com/hmg-prod/images/2022-chevrolet-bolt-ev-101-1613168160.jpg?crop=0.857xw:0.724xh;0.0261xw,0.125xh&resize=600:*",8
Chevrolet,2024 Chevrolet Camaro,"Starting at $32,495","https://hips.hearstapps.com/hmg-prod/images/2024-chevrolet-camaro-ss-collectors-edition-1-647e1933c6c20.jpg?crop=0.827xw:0.853xh;0.0946xw,0.129xh&resize=600:*",8
Chevrolet,2024 Chevrolet Camaro ZL1,"Starting at $76,295","https://hips.hearstapps.com/hmg-prod/images/2024-chevrolet-camaro-zl1-collectors-edition-647e05de95705.jpg?crop=1.00xw:0.844xh;0,0.0709xh&resize=600:*",9.5
Chevrolet,2023 Chevrolet Corvette,"Starting at $65,895","https://hips.hearstapps.com/hmg-prod/images/2023-chevrolet-corvette-stingray-convertible-3lt-z51-116-1665496966.jpg?crop=0.669xw:0.563xh;0.0798xw,0.437xh&resize=600:*",10
Chevrolet,2024 Chevrolet Corvette E-Ray,"Starting at $104,295","https://hips.hearstapps.com/hmg-prod/images/24chcr35001-1673633605.jpg?crop=0.700xw:0.595xh;0.0673xw,0.223xh&resize=600:*",
Chevrolet,2025 Chevrolet Corvette EV,"Starting at $150,000 est","https://hips.hearstapps.com/hmg-prod/images/screen-shot-2022-04-25-at-9-04-53-am-1650892119.png?crop=0.912xw:0.975xh;0.0147xw,0.0248xh&resize=600:*",
Chevrolet,2023 Chevrolet Corvette Z06,"Starting at $109,295","https://hips.hearstapps.com/hmg-prod/images/2023-chevrolet-corvette-z07-101-1664802216.jpg?crop=0.546xw:0.462xh;0.184xw,0.286xh&resize=600:*",10
Chevrolet,2025 Chevrolet Corvette ZR1,"Starting at $150,000 est","https://hips.hearstapps.com/hmg-prod/images/2025-chevrolet-corvette-zr1-101-6436ad9c6cd64.jpg?crop=1.00xw:1.00xh;0,0&resize=600:*",
Chevrolet,2024 Chevrolet Malibu,"Starting at $26,195","https://hips.hearstapps.com/hmg-prod/images/2019-chevrolet-malibu-rs-124-1568289291.jpg?crop=0.800xw:0.734xh;0.0537xw,0.197xh&resize=600:*",6
Chrysler,2023 Chrysler 300,"Starting at $35,890","https://hips.hearstapps.com/hmg-prod/images/2023-chrysler-300c-101-1663029916.jpg?crop=1.00xw:0.920xh;0,0.0798xh&resize=600:*",6
Dodge,2023 Dodge Challenger,"Starting at $33,560","https://hips.hearstapps.com/hmg-prod/images/dg020-105cl-1574257068.jpg?crop=1.00xw:0.846xh;0,0.154xh&resize=600:*",6.5
Dodge,2023 Dodge Challenger SRT / SRT Hellcat,"Starting at $69,895","https://hips.hearstapps.com/hmg-prod/images/2019-dodge-challenger-srt-hellcat-redeye-comparison-104-1581425446.jpg?crop=0.658xw:0.555xh;0.0896xw,0.293xh&resize=600:*",7.5
Dodge,2023 Dodge Challenger SRT Demon,"Starting at $100,361","https://hips.hearstapps.com/hmg-prod/images/2023-dodge-challenger-srt-demon-1701-6414d438e4a8a.jpg?crop=0.522xw:0.442xh;0.463xw,0.373xh&resize=600:*",
Dodge,2024 Dodge Charger,"Starting at $50,000 est","https://hips.hearstapps.com/hmg-prod/images/dodge-charger-daytona-srt-concept-103-1660757049.jpg?crop=0.957xw:0.808xh;0,0.192xh&resize=600:*",
Dodge,2023 Dodge Charger SRT,"Starting at $83,250","https://hips.hearstapps.com/hmg-prod/images/2021-dodge-charger-srt-hellcat-redeye-103-1593634315.jpg?crop=0.811xw:0.685xh;0.103xw,0.147xh&resize=600:*",7.5
Ferrari,2023 Ferrari 296GTB,"Starting at $342,205","https://hips.hearstapps.com/hmg-prod/images/2022-ferrari-296gtb-assetto-fiorano-105-1646595950.jpg?crop=0.730xw:0.616xh;0.103xw,0.298xh&resize=600:*",9.5
Ferrari,2023 Ferrari 812,"Starting at $433,765","https://hips.hearstapps.com/hmg-prod/images/2023-ferrari-812-gts-102-1674153867.jpg?crop=1.00xw:0.798xh;0,0.120xh&resize=600:*",9.5
Ferrari,2023 Ferrari Daytona SP3,"Starting at $2,226,935","https://hips.hearstapps.com/hmg-prod/images/2022-ferrari-daytona-sp3-134-1659298034.jpg?crop=0.585xw:0.494xh;0.207xw,0.237xh&resize=600:*",10
Ferrari,2023 Ferrari F8 Tributo / Spider,"Starting at $283,950","https://hips.hearstapps.com/hmg-prod/images/2020-ferrari-f8-spyder-101-1593551664.jpg?crop=0.884xw:0.748xh;0.00326xw,0.152xh&resize=600:*",10
Ferrari,2023 Ferrari Portofino,"Starting at $250,052","https://hips.hearstapps.com/hmg-prod/images/2021-ferrari-portofino-m-117-1621623712.jpg?crop=0.806xw:0.680xh;0.0505xw,0.291xh&resize=600:*",8
Ferrari,2024 Ferrari Roma,"Starting at $250,000 est","https://hips.hearstapps.com/hmg-prod/images/ferrari-roma-spider-2-64137a910bf1c.jpg?crop=0.660xw:0.489xh;0.171xw,0.278xh&resize=600:*",9
Ferrari,2024 Ferrari SF90 Stradale,"Starting at $530,000 est","https://hips.hearstapps.com/hmg-prod/images/2024-ferrari-sf90-xx-stradale-102-649c48124b240.jpg?crop=1.00xw:0.844xh;0,0.156xh&resize=600:*",10
Fiat,2024 Fiat 500e,"Starting at $30,000 est","https://hips.hearstapps.com/hmg-prod/images/2024-fiat-500e-hatchback-102-1668446427.jpg?crop=0.788xw:0.665xh;0.0423xw,0.318xh&resize=600:*",
Fisker,2025 Fisker Ronin,"Starting at $80,000 est","https://hips.hearstapps.com/hmg-prod/images/ronin-teaser-05-03-c-final-1651675729.jpg?crop=0.912xw:0.854xh;0.0879xw,0&resize=600:*",
Ford,2023 Ford Bronco,"Starting at $36,685","https://hips.hearstapps.com/hmg-prod/images/2023-ford-bronco-heritage-edition-in-race-red-101-1660224575.jpg?crop=0.843xw:0.712xh;0.0176xw,0.209xh&resize=600:*",10
Ford,2023 Ford Bronco Raptor,"Starting at $87,875","https://hips.hearstapps.com/hmg-prod/images/2022-ford-bronco-raptor-1147-edit-1660609106.jpg?crop=0.684xw:0.577xh;0.0391xw,0.411xh&resize=600:*",10
Ford,2023 Ford Bronco Sport,"Starting at $30,810","https://hips.hearstapps.com/hmg-prod/images/lipman-jl93109-1676310038.jpg?crop=0.619xw:0.522xh;0.224xw,0.269xh&resize=600:*",8.5
Ford,2023 Ford Edge,"Starting at $39,440","https://hips.hearstapps.com/hmg-prod/images/2019-ford-edge-titanium-awd-104-111-1550241728.jpg?crop=0.678xw:0.622xh;0.322xw,0.367xh&resize=600:*",6.5
Ford,2023 Ford Escape,"Starting at $29,495","https://hips.hearstapps.com/hmg-prod/images/2023-ford-escape-st-line-elite-rapid-red-03-1666667348.jpg?crop=0.755xw:0.637xh;0.196xw,0.175xh&resize=600:*",7.5
Ford,2023 Ford Expedition / Expedition Max,"Starting at $57,620","https://hips.hearstapps.com/hmg-prod/images/2022-ford-expedition-timberline-506-1659118874.jpg?crop=0.742xw:0.624xh;0.0641xw,0.345xh&resize=600:*",7.5
Ford,2023 Ford Explorer,"Starting at $38,355","https://hips.hearstapps.com/hmg-prod/images/2021-ford-explorer-timberline-102-1620059693.jpg?crop=0.657xw:0.752xh;0.128xw,0.221xh&resize=600:*",7.5
Ford,2023 Ford Mustang Mach E,"Starting at $44,795","https://hips.hearstapps.com/hmg-prod/images/2021-ford-mustang-mach-e-e4x-111-1625066618.jpg?crop=1.00xw:0.846xh;0,0.117xh&resize=600:*",9
Genesis,2023 Genesis Electrified G80,"Starting at $80,950","https://hips.hearstapps.com/hmg-prod/images/2023-genesis-g80-ev-101-1655821628.jpg?crop=0.730xw:0.616xh;0.158xw,0.259xh&resize=600:*",8
Genesis,2023 Genesis G70,"Starting at $40,525","https://hips.hearstapps.com/hmg-prod/images/2022-genesis-g70-3p3t-awd-133-1629990925.jpg?crop=0.769xw:0.649xh;0.165xw,0.236xh&resize=600:*",8.5
Genesis,2023 Genesis G80,"Starting at $51,125","https://hips.hearstapps.com/hmg-prod/images/2022-genesis-g80-awd-3p5t-sport-prestige-392-edit-1644493132.jpg?crop=0.638xw:0.537xh;0.0785xw,0.463xh&resize=600:*",9
Genesis,2023 Genesis G90,"Starting at $90,100","https://hips.hearstapps.com/hmg-prod/images/2023-genesis-g90-114-1659381781.jpg?crop=1.00xw:0.376xh;0,0.505xh&resize=600:*",9
Genesis,2025 Genesis GT90,"Starting at $115,000 est","https://hips.hearstapps.com/hmg-prod/images/genesis-gt90-concept-6446aab5a1166.jpg?crop=0.831xw:0.894xh;0.164xw,0.0156xh&resize=600:*",
GMC,2023 GMC Acadia,"Starting at $38,195","https://hips.hearstapps.com/hmg-prod/images/2023-gmc-acadia-008-1667831398.jpg?crop=0.630xw:0.688xh;0.280xw,0.0883xh&resize=600:*",5.5
GMC,2024 GMC Hummer EV SUV,"Starting at $79,995","https://hips.hearstapps.com/hmg-prod/images/2024-gmc-hummer-ev-suv-302-6419ae6383a10.jpg?crop=0.761xw:0.642xh;0.194xw,0.190xh&resize=600:*",8
GMC,2024 GMC Terrain,"Starting at $30,095","https://hips.hearstapps.com/hmg-prod/images/2022-gmc-terrain-elevation-front-1624628471.jpg?crop=0.656xw:0.658xh;0.160xw,0.293xh&resize=600:*",6
GMC,2023 GMC Yukon / Yukon XL,"Starting at $59,295","https://hips.hearstapps.com/hmg-prod/images/2023-gmc-yukon-denali-ultimate-101-1651589972.jpg?crop=0.713xw:0.534xh;0.287xw,0.291xh&resize=600:*",8.5
Honda,2023 Honda Accord,"Starting at $28,390","https://hips.hearstapps.com/hmg-prod/images/dsc00620-1677186777.jpg?crop=0.644xw:0.543xh;0.258xw,0.300xh&resize=600:*",10
Honda,2024 Honda Civic,"Starting at $25,000 est","https://hips.hearstapps.com/hmg-prod/images/2022-honda-civic-sport-287-1648742553.jpg?crop=0.674xw:0.568xh;0.0717xw,0.415xh&resize=600:*",10
Honda,2023 Honda Civic Si,"Starting at $29,895","https://hips.hearstapps.com/hmg-prod/images/2022-honda-civic-si-sedan-hpt-ltintro-115-1652283558.jpg?crop=0.502xw:0.423xh;0.204xw,0.401xh&resize=600:*",10
Honda,2023 Honda Civic Type R,"Starting at $44,890","https://hips.hearstapps.com/hmg-prod/images/2023-civic-type-r-toyta-gr-corolla-vw-golf-r-010-6406374cec284.jpg?crop=0.697xw:0.589xh;0.0849xw,0.300xh&resize=600:*",10
Hummer,2009 Hummer H2,"Starting at $62,535","https://hips.hearstapps.com/hmg-prod/images/2008-hummer-h2-sut-photo-181646-s-986x603-1557847171.jpg?crop=0.896xw:0.822xh;0.0749xw,0.112xh&resize=600:*",
Hummer,2010 Hummer H3,"Starting at $31,695","https://hips.hearstapps.com/hmg-prod/images/2008-hummer-h3-alpha-photo-53873-s-986x603-1557847333.jpg?crop=1.00xw:0.924xh;0,0.0759xh&resize=600:*",
Hyundai,2024 Hyundai Elantra,"Starting at $22,000 est","https://hips.hearstapps.com/hmg-prod/images/2024-hyundai-elantra-korea-1677509012.jpg?crop=0.754xw:0.650xh;0.0961xw,0.240xh&resize=600:*",8.5
Hyundai,2024 Hyundai Elantra N,"Starting at $36,000 est","https://hips.hearstapps.com/hmg-prod/images/2024-hyundai-elantra-n-106-643eb61f5ee7c.jpg?crop=1.00xw:0.567xh;0,0.290xh&resize=600:*",
Hyundai,2023 Hyundai Ioniq 6,"Starting at $42,715","https://hips.hearstapps.com/hmg-prod/images/large-52940-2023ioniq6-1669059842.jpg?crop=0.793xw:0.695xh;0.0863xw,0.216xh&resize=600:*",10
Hyundai,2024 Hyundai Sonata,"Starting at $28,000 est","https://hips.hearstapps.com/hmg-prod/images/2024-hyundai-sonata-front-three-quarters-641dfaa947477.jpg?crop=0.863xw:0.864xh;0.124xw,0.136xh&resize=600:*",
Infiniti,2023 Infiniti Q50,"Starting at $43,800","https://hips.hearstapps.com/hmg-prod/images/dsc-9597alt-copy-1674571716.jpg?crop=0.663xw:0.560xh;0.181xw,0.337xh&resize=600:*",6
Infiniti,2022 Infiniti Q60,"Starting at $43,325","https://hips.hearstapps.com/hmg-prod/images/2022-infiniti-q60-01-mmp-1-1633035403.jpg?crop=0.923xw:0.936xh;0.0192xw,0.0636xh&resize=600:*",6
Jaguar,2024 Jaguar F-type,"Starting at $79,175","https://hips.hearstapps.com/hmg-prod/images/2024-jaguar-f-type-101-1673467226.jpg?crop=1.00xw:1.00xh;0,0&resize=600:*",8
Jaguar,2023 Jaguar XF,"Starting at $48,275","https://hips.hearstapps.com/hmg-prod/images/2023-jaguar-xf-sedan-front-1663006302.jpg?crop=0.782xw:0.659xh;0.0440xw,0.171xh&resize=600:*",7
Jeep,2023 Jeep Cherokee,"Starting at $39,290","https://hips.hearstapps.com/hmg-prod/images/2023-jeep-cherokee-101-1673472136.jpeg?crop=0.792xw:0.728xh;0.0176xw,0.217xh&resize=600:*",6.5
Jeep,2023 Jeep Compass,"Starting at $29,995","https://hips.hearstapps.com/hmg-prod/images/2023-jeep-compass-101-1669747450.jpg?crop=0.753xw:0.637xh;0.0705xw,0.255xh&resize=600:*",7
Jeep,2023 Jeep Grand Cherokee,"Starting at $41,330","https://hips.hearstapps.com/hmg-prod/images/2023-jeep-grand-cherokee-summit-4x4-101-1667328305.jpeg?crop=0.617xw:0.520xh;0.353xw,0.451xh&resize=600:*",9
Jeep,2023 Jeep Grand Cherokee L,"Starting at $43,330","https://hips.hearstapps.com/hmg-prod/images/2021-jeep-grand-cherokee-l-summit-reserve-102-1639589838.jpg?crop=0.775xw:0.655xh;0.117xw,0.230xh&resize=600:*",9
Jeep,2023 Jeep Grand Wagoneer,"Starting at $91,645","https://hips.hearstapps.com/hmg-prod/images/2023-jeep-grand-wagoneer-l-102-1665492775.jpg?crop=0.583xw:0.493xh;0.181xw,0.320xh&resize=600:*",8.5
Jeep,2024 Jeep Recon EV,"Starting at $60,000 est","https://hips.hearstapps.com/hmg-prod/images/2024-jeep-recon-101-1662583242.jpg?crop=1.00xw:0.861xh;0,0.139xh&resize=600:*",
Jeep,2023 Jeep Renegade,"Starting at $29,445","https://hips.hearstapps.com/hmg-prod/images/2023-jeep-renegade-high-altitude-1665506942.jpg?crop=1.00xw:0.871xh;0,0.111xh&resize=600:*",6.5
Jeep,2023 Jeep Wagoneer,"Starting at $62,670","https://hips.hearstapps.com/hmg-prod/images/ws023-026wg-1649706987.jpg?crop=0.769xw:0.648xh;0.112xw,0.254xh&resize=600:*",8
Jeep,2024 Jeep Wagoneer EV,"Starting at $80,000 est","https://hips.hearstapps.com/hmg-prod/images/jeep-wagoneer-s-104-1662583299.jpg?crop=0.779xw:0.660xh;0.221xw,0.252xh&resize=600:*",
Jeep,2024 Jeep Wrangler,"Starting at $33,690","https://hips.hearstapps.com/hmg-prod/images/2024-jeep-wrangler-willys-exterior-108-642c2c967eacd.jpg?crop=0.628xw:0.531xh;0,0.370xh&resize=600:*",7.5
Karma,2021 Karma GS-6,"Starting at $82,000 est","https://hips.hearstapps.com/hmg-prod/images/2021-karma-gs-6-108-1618869581.jpg?crop=0.920xw:0.776xh;0.0737xw,0.132xh&resize=600:*",7
Kia,2023 Kia Forte ,"Starting at $20,815","https://hips.hearstapps.com/hmg-prod/images/2022-kia-forte-gt-101-1633972551.jpg?crop=0.651xw:0.550xh;0.225xw,0.301xh&resize=600:*",7.5
Kia,2023 Kia K5,"Starting at $26,415","https://hips.hearstapps.com/hmg-prod/images/2021-kia-k5-gt-2-5t-hedrick-005-1613770012.jpg?crop=0.635xw:0.534xh;0.164xw,0.324xh&resize=600:*",9
Kia,2023 Kia Rio,"Starting at $17,875","https://hips.hearstapps.com/hmg-prod/images/19313-2023-rio-5-door-1676389973.jpg?crop=0.856xw:0.721xh;0.138xw,0.257xh&resize=600:*",9
Kia,2024 Kia Stinger,"Starting at $38,000 est","https://hips.hearstapps.com/hmg-prod/images/19753-exclusive-stinger-tribute-edition-celebrates-kia-s-high-performance-vision-1671637987.jpg?crop=0.759xw:0.670xh;0.138xw,0.269xh&resize=600:*",7.5
Koenigsegg,2021 Koenigsegg Jesko,"Starting at $3,000,000","https://hips.hearstapps.com/hmg-prod/images/koenigsegg-jesko-101-1551799580.jpg?crop=1.00xw:0.929xh;0,0.0288xh&resize=600:*",
Koenigsegg,2020 Koenigsegg Regera,"Starting at $1,900,000 est","https://hips.hearstapps.com/hmg-prod/images/koenigsegg-regera-mmp-1-1591115837.jpg?crop=0.779xw:0.660xh;0.0945xw,0.230xh&resize=600:*",10
Lamborghini,2022 Lamborghini Aventador,"Starting at $507,353","https://hips.hearstapps.com/hmg-prod/images/2022-lamborghini-aventador-109-1625607587.jpg?crop=0.750xw:0.632xh;0.183xw,0.233xh&resize=600:*",10
Lamborghini,2022 Lamborghini Countach,"Starting at $2,640,000","https://hips.hearstapps.com/hmg-prod/images/lamborghini-countach-lpi-800-4-111-1628616858.jpg?crop=1.00xw:1.00xh;0,0&resize=600:*",10
Lamborghini,2023 Lamborghini Hurac√°n,"Starting at $212,090","https://hips.hearstapps.com/hmg-prod/images/2022-lamborghini-huracan-tecnica-101-1657303967.jpg?crop=0.704xw:0.594xh;0.0619xw,0.301xh&resize=600:*",9.5
Lamborghini,2024 Lamborghini Revuelto,"Starting at $890,000 est","https://hips.hearstapps.com/hmg-prod/images/2024-lamborghini-revuelto-front-three-quarters-102-6421b7db0d727.jpg?crop=0.907xw:0.768xh;0.0668xw,0.164xh&resize=600:*",
Lexus,2024 Lexus ES,"Starting at $43,190","https://hips.hearstapps.com/hmg-prod/images/2024-lexus-es250-awd-luxury-102-649f37e4787c4.jpg?crop=0.708xw:0.598xh;0.238xw,0.290xh&resize=600:*",6.5
Lexus,2025 Lexus EV Supercar,"Starting at $100,000 est","https://hips.hearstapps.com/hmg-prod/images/20211214-bev-13-1639491072.jpg?crop=0.939xw:1.00xh;0.0321xw,0&resize=600:*",
Lexus,2023 Lexus IS,"Starting at $41,235","https://hips.hearstapps.com/hmg-prod/images/2021-lexus-is350-f-sport-111-1602767245.jpg?crop=0.704xw:0.594xh;0.109xw,0.335xh&resize=600:*",7.5
Lexus,2024 Lexus LC,"Starting at $98,850","https://hips.hearstapps.com/hmg-prod/images/2024-lexus-lc-004-6463a5b41d024.jpg?crop=0.857xw:0.855xh;0.0733xw,0.133xh&resize=600:*",7
Lexus,2023 Lexus LS,"Starting at $78,535","https://hips.hearstapps.com/hmg-prod/images/2023-lexus-ls-101-1670276038.jpg?crop=0.737xw:0.623xh;0.0337xw,0.334xh&resize=600:*",7
Lexus,2023 Lexus RC,"Starting at $45,820","https://hips.hearstapps.com/hmg-prod/images/2023-lexus-rc-silver-in-motion-1673377562.jpg?crop=0.735xw:0.432xh;0.265xw,0.396xh&resize=600:*",5.5
Lexus,2023 Lexus RC F,"Starting at $68,195","https://hips.hearstapps.com/hmg-prod/images/2023-lexus-rc-f-track-edition-front-1673378116.jpg?crop=1.00xw:1.00xh;0,0&resize=600:*",6.5
Lincoln,2023 Lincoln Aviator,"Starting at $54,735","https://hips.hearstapps.com/hmg-prod/images/2020-lincoln-aviator-rwd-156-1583981226.jpg?crop=0.724xw:0.611xh;0.0881xw,0.351xh&resize=600:*",7.5
Lincoln,2023 Lincoln Corsair,"Starting at $40,085","https://hips.hearstapps.com/hmg-prod/images/2023-lincoln-corsair-135-6436c9a310394.jpg?crop=0.692xw:0.583xh;0.106xw,0.384xh&resize=600:*",6.5
Lincoln,2024 Lincoln Nautilus,"Starting at $51,810","https://hips.hearstapps.com/hmg-prod/images/2024-lincoln-nautilus101-643d518303e60.jpg?crop=0.660xw:0.776xh;0.220xw,0.194xh&resize=600:*",
Lincoln,2023 Lincoln Navigator / Navigator L,"Starting at $81,620","https://hips.hearstapps.com/hmg-prod/images/2022-lincoln-navigator-black-label-101-1629153096.jpg?crop=0.585xw:0.494xh;0.0912xw,0.489xh&resize=600:*",8
Lincoln,2025 Lincoln Star,"Starting at $70,000 est","https://hips.hearstapps.com/hmg-prod/images/lincoln-star-concept-102-1650471258.jpg?crop=0.770xw:0.866xh;0.164xw,0.0586xh&resize=600:*",
Lordstown,2023 Lordstown Endurance,"Starting at $65,060","https://hips.hearstapps.com/hmg-prod/images/2023-lordstown-endurance-125503-1666786721.jpg?crop=0.845xw:0.844xh;0.00814xw,0.136xh&resize=600:*",6.5
Lotus,2025 Lotus Cortina,"Starting at $85,000 est","https://hips.hearstapps.com/hmg-prod/images/lotus-envya-004-copy-1677527554.jpg?crop=0.827xw:0.699xh;0.0977xw,0.166xh&resize=600:*",
Lotus,2024 Lotus Emira,"Starting at $77,100","https://hips.hearstapps.com/hmg-prod/images/2022-lotus-emira-109-1625280064.jpg?crop=1.00xw:0.426xh;0.00160xw,0.329xh&resize=600:*",8
Lotus,2023 Lotus Evija,"Starting at $2,300,000 est","https://hips.hearstapps.com/hmg-prod/images/2021-lotus-evija-prototype-128-1619536718.jpg?crop=0.787xw:0.662xh;0.109xw,0.249xh&resize=600:*",9
Lotus,2025 Lotus Type 135,"Starting at $80,000 est","https://hips.hearstapps.com/hmg-prod/images/lotus-type-135-6440043bb2a3b.jpg?crop=0.785xw:0.663xh;0.135xw,0.175xh&resize=600:*",
Maserati,2023 Maserati Ghibli,"Starting at $83,795","https://hips.hearstapps.com/hmg-prod/images/2023-maserati-ghibli-101-1673042604.jpg?crop=0.863xw:0.729xh;0.121xw,0.125xh&resize=600:*",7
Maserati,2024 Maserati GranTurismo,"Starting at $175,495","https://hips.hearstapps.com/hmg-prod/images/2023-maserati-granturismo-modena-7-1676302719.jpg?crop=0.527xw:0.527xh;0.280xw,0.444xh&resize=600:*",8.5
Maserati,2024 Maserati GranTurismo Folgore,"Starting at $215,000 est","https://hips.hearstapps.com/hmg-prod/images/maserati-granturismo-folgore-copper-glance-2-1676294753.jpg?crop=0.813xw:0.683xh;0.0785xw,0.149xh&resize=600:*",
Maserati,2023 Maserati MC20,"Starting at $217,000 est","https://hips.hearstapps.com/hmg-prod/images/2023-maserati-mc20-cielo-spyder-108-1653401843.jpg?crop=0.909xw:0.768xh;0,0.181xh&resize=600:*",8.5
Maserati,2025 Maserati Quattroporte,"Starting at $150,000 est","https://hips.hearstapps.com/hmg-prod/images/2025-maserati-quattroporte1-copy-642b18bf3d8d2.jpg?crop=0.819xw:1.00xh;0.151xw,0&resize=600:*",
Mazda,2024 Mazda Mazda 3,"Starting at $25,335","https://hips.hearstapps.com/hmg-prod/images/2021-mazda-3-turbo-awd-sedan-107-1605850945.jpg?crop=0.686xw:0.579xh;0.181xw,0.334xh&resize=600:*",9
Mazda,2023 Mazda MX-5 Miata,"Starting at $29,215","https://hips.hearstapps.com/hmg-prod/images/2023-maza-mx-5-miata-103-1669758490.jpg?crop=0.909xw:0.768xh;0.0293xw,0.178xh&resize=600:*",9
McLaren,2023 McLaren 720S,"Starting at $310,500","https://hips.hearstapps.com/hmg-prod/images/2019-mclaren-720s-spider-508-1565493374.jpg?crop=0.629xw:0.577xh;0.303xw,0.402xh&resize=600:*",10
McLaren,2024 McLaren 750S,"Starting at $329,500","https://hips.hearstapps.com/hmg-prod/images/2024-mclaren-750s-coupe-113-6446d568075b5.jpg?crop=0.788xw:0.665xh;0.0798xw,0.237xh&resize=600:*",
McLaren,2022 McLaren 765LT,"Starting at $382,500","https://hips.hearstapps.com/hmg-prod/images/2022-mclaren-765lt-spider-115-1652724748.jpg?crop=0.795xw:0.671xh;0.0913xw,0.0986xh&resize=600:*",10
McLaren,2023 McLaren Artura,"Starting at $237,500","https://hips.hearstapps.com/hmg-prod/images/2023-mclaren-artura3-6400f567986ad.jpg?crop=0.479xw:0.404xh;0.245xw,0.370xh&resize=600:*",9.5
McLaren,2023 McLaren GT,"Starting at $208,490","https://hips.hearstapps.com/hmg-prod/images/2023-mclaren-gt-119-1671555515.jpg?crop=0.622xw:0.526xh;0.0586xw,0.435xh&resize=600:*",9
Mercedes-AMG,2023 Mercedes-AMG C43,"Starting at $61,050","https://hips.hearstapps.com/hmg-prod/images/2023-mercedes-amg-c43-sedan-drive-145-1656425594.jpg?crop=0.795xw:0.671xh;0.0465xw,0.298xh&resize=600:*",8.5
Mercedes-AMG,2024 Mercedes-AMG C63,"Starting at $95,000 est","https://hips.hearstapps.com/hmg-prod/images/2024-mercedes-amg-c63-s-e-performance-front-motion5-1663695513.jpg?crop=0.761xw:0.641xh;0.0896xw,0.246xh&resize=600:*",9.5
Mercedes-AMG,2024 Mercedes-AMG CLA-class,"Starting at $51,000 est","https://hips.hearstapps.com/hmg-prod/images/2024-mercedes-amg-cla-coupe-101-1674062194.jpg?crop=0.790xw:0.445xh;0.104xw,0.277xh&resize=600:*",8
Mercedes-AMG,2023 Mercedes-AMG E53,"Starting at $82,450","https://hips.hearstapps.com/hmg-prod/images/2021-mercedes-amg-e53-coupe-663-1626449092.jpg?crop=0.726xw:0.612xh;0.0603xw,0.388xh&resize=600:*",9.5
Mercedes-AMG,2023 Mercedes-AMG E63 S 4Matic,"Starting at $113,950","https://hips.hearstapps.com/hmg-prod/images/2023-mercedes-amg-e63-s-4matic-103-1671563913.jpg?crop=0.554xw:0.467xh;0.274xw,0.396xh&resize=600:*",9
Mercedes-AMG,2023 Mercedes-AMG E63 S Wagon,"Starting at $122,250","https://hips.hearstapps.com/hmg-prod/images/2021-mercedes-amg-e63-s-4matic-wagon-102-1592409363.jpg?crop=0.741xw:0.626xh;0.223xw,0.374xh&resize=600:*",9
Mercedes-AMG,2023 Mercedes-AMG EQE,"Starting at $108,050","https://hips.hearstapps.com/hmg-prod/images/2023-mercedes-amg-eqe-510-edit-6452793e3cb63.jpg?crop=0.641xw:0.540xh;0.0833xw,0.422xh&resize=600:*",8
Mercedes-AMG,2023 Mercedes-AMG EQS,"Starting at $148,700","https://hips.hearstapps.com/hmg-prod/images/2023-mercedes-amg-eqs-101-1673379271.jpeg?crop=0.634xw:0.534xh;0.264xw,0.466xh&resize=600:*",8
Mercedes-AMG,2025 Mercedes-AMG GT,"Starting at $135,000 est","https://hips.hearstapps.com/hmg-prod/images/2025-mercedes-amg-gt-coupe-101-1676497643.jpg?crop=0.809xw:0.712xh;0.0417xw,0.231xh&resize=600:*",
Mercedes-AMG,2023 Mercedes-AMG GT43 / GT53 / GT63 / GT63 S,"Starting at $93,550","https://hips.hearstapps.com/hmg-prod/images/2023-mercedes-amg-gt-63-21c0293-107-source-1649250184.jpg?crop=0.883xw:0.746xh;0.0440xw,0.198xh&resize=600:*",8.5
Mercedes-AMG,2024 Mercedes-AMG S63 / S65,"Starting at $270,000 est","https://hips.hearstapps.com/hmg-prod/images/22c0377-013-1670273650.jpg?crop=0.758xw:0.639xh;0.0753xw,0.325xh&resize=600:*",
Mercedes-AMG,2023 Mercedes-AMG SL-Class,"Starting at $110,950","https://hips.hearstapps.com/hmg-prod/images/2022-mercedes-amg-sl63-1506-1666014353.jpg?crop=0.715xw:0.604xh;0.181xw,0.289xh&resize=600:*",8.5
Mercedes-Benz,2023 Mercedes-Benz C-class,"Starting at $46,000","https://hips.hearstapps.com/hmg-prod/images/2022-mercedes-benz-c300-4matic-sedan-110-1655383528.jpg?crop=0.712xw:0.601xh;0.0994xw,0.288xh&resize=600:*",8.5
Mercedes-Benz,2024 Mercedes-Benz CLA-class,"Starting at $44,850","https://hips.hearstapps.com/hmg-prod/images/2024-mercedes-benz-cla-coupe-101-1674062332.jpg?crop=0.801xw:0.468xh;0.130xw,0.301xh&resize=600:*",8
Mercedes-Benz,2023 Mercedes-Benz CLE-class,"Starting at $60,000 est","https://hips.hearstapps.com/hmg-prod/images/mercedes-amg-cle-43-cabrio-watermark-1675450676.jpg?crop=0.931xw:0.911xh;0.0513xw,0.0891xh&resize=600:*",
Mercedes-Benz,2023 Mercedes-Benz CLS-class,"Starting at $77,650","https://hips.hearstapps.com/hmg-prod/images/2022-mercedes-benz-cls-109-1617703653.jpg?crop=0.932xw:0.787xh;0.0554xw,0.213xh&resize=600:*",8
Mercedes-Benz,2024 Mercedes-Benz E-class,"Starting at $60,000 est","https://hips.hearstapps.com/hmg-prod/images/2024-mercedes-benz-e-class-exterior-105-6446a2cb7003d.jpg?crop=0.758xw:0.638xh;0.103xw,0.319xh&resize=600:*",
Mercedes-Benz,2024 Mercedes-Benz E-class Wagon,"Starting at $78,000 est","https://hips.hearstapps.com/hmg-prod/images/2024-mercedes-benz-e-class-wagon-illustration-front-644abbf9e9d9c.jpg?crop=0.893xw:0.835xh;0.0782xw,0.165xh&resize=600:*",
Mercedes-Benz,2023 Mercedes-Benz EQE,"Starting at $76,050","https://hips.hearstapps.com/hmg-prod/images/2023-mercedes-benz-eqe-500-105-1649857760.jpg?crop=0.641xw:0.541xh;0.279xw,0.377xh&resize=600:*",8
Mercedes-Benz,2023 Mercedes-Benz EQS,"Starting at $105,550","https://hips.hearstapps.com/hmg-prod/images/2022-mercedes-benz-eqs580-4matic-tested-107-1657599510.jpg?crop=0.586xw:0.496xh;0.176xw,0.328xh&resize=600:*",8
Mercedes-Benz,2023 Mercedes-Benz S-class,"Starting at $115,650","https://hips.hearstapps.com/hmg-prod/images/2023-mercedes-benz-s-class-s580-sedan-front-1663771402.jpg?crop=0.651xw:0.550xh;0.138xw,0.340xh&resize=600:*",9.5
Mercedes-Maybach,2024 Mercedes-Maybach S-Class,"Starting at $195,000 est","https://hips.hearstapps.com/hmg-prod/images/23c0184-002-646cbd4d9fce4.jpg?crop=1.00xw:0.798xh;0,0.132xh&resize=600:*",9
Mercedes-Maybach,2025 Mercedes-Maybach SL-Class,"Starting at $175,000 est","https://hips.hearstapps.com/hmg-prod/images/2025-mercedes-maybach-sl-class-101-1676496202.jpg?crop=0.881xw:0.786xh;0.0962xw,0.214xh&resize=600:*",
Mercury,2010 Mercury Mountaineer,"Starting at $30,295","https://hips.hearstapps.com/hmg-prod/amv-prod-cad-assets/images/10q2/352890/2010-mercury-mountaineer-photo-352955-s-986x603.jpg?crop=0.995xw:0.916xh;0.00481xw,0.0838xh&resize=600:*",
Mini,2024 Mini Cooper Clubman / S,"Starting at $35,045","https://hips.hearstapps.com/hmg-prod/images/p90497323-highres-641b3d1a574e9.jpg?crop=0.588xw:0.498xh;0.175xw,0.269xh&resize=600:*",6.5
Mini,2024 Mini Cooper Clubman JCW,"Starting at $43,395","https://hips.hearstapps.com/hmg-prod/images/2024-mini-cooper-clubman-jcw-101-6402655c53c01.jpg?crop=0.710xw:0.598xh;0.210xw,0.195xh&resize=600:*",6
Mini,2025 Mini Cooper Electric,"Starting at $30,000 est","https://hips.hearstapps.com/hmg-prod/images/bf-042023-00001-64357bb11983a.jpg?crop=1.00xw:0.844xh;0,0.156xh&resize=600:*",
Mini,2025 Mini Cooper Hardtop / Convertible,"Starting at $27,000 est","https://hips.hearstapps.com/hmg-prod/images/next-generation-mini-102021-00001-1635952806.jpg?crop=0.787xw:0.665xh;0.103xw,0.205xh&resize=600:*",
Mini,2024 Mini Cooper JCW,"Starting at $36,395","https://hips.hearstapps.com/hmg-prod/images/2022-mini-jcw-convertible-102-1635861225.jpg?crop=0.515xw:0.434xh;0.309xw,0.529xh&resize=600:*",6
Mitsubishi,2023 Mitsubishi Mirage,"Starting at $17,500","https://hips.hearstapps.com/hmg-prod/images/2021-mitsubishi-mirage-114-1610643629.jpg?crop=0.998xw:0.844xh;0,0.130xh&resize=600:*",2.5
Mitsubishi,2023 Mitsubishi Mirage G4,"Starting at $18,500","https://hips.hearstapps.com/hmg-prod/images/2021-mitsubishi-mirage-122-1610643678.jpg?crop=0.790xw:0.667xh;0.135xw,0.213xh&resize=600:*",3
Nikola,2022 Nikola Badger,"Starting at $60,000 est","https://hips.hearstapps.com/hmg-prod/images/nikola-badger1-2d1218af6f41db80d257abf35343b740d9e8c90457e05af32e00b854992508d9-1591980129.jpg?crop=0.931xw:1.00xh;0.0577xw,0&resize=600:*",
Nissan,2023 Nissan Altima,"Starting at $26,585","https://hips.hearstapps.com/hmg-prod/images/2023-nissan-altima-113-1654783718.jpg?crop=0.816xw:0.689xh;0.0798xw,0.242xh&resize=600:*",8
Nissan,2024 Nissan GT-R,"Starting at $122,885","https://hips.hearstapps.com/hmg-prod/images/2024-nissan-gt-r-119-1673621285.jpg?crop=0.673xw:0.673xh;0,0.113xh&resize=600:*",7
Nissan,2023 Nissan Leaf,"Starting at $29,135","https://hips.hearstapps.com/hmg-prod/images/2023-nissan-leaf-13-1200x800-1649784914.jpg?crop=0.806xw:0.680xh;0.194xw,0.264xh&resize=600:*",6.5
Nissan,2025 Nissan Maxima,"Starting at $44,000 est","https://hips.hearstapps.com/hmg-prod/images/2025-nissan-maxima-101-6440035e59aa2.jpg?crop=1.00xw:0.951xh;0,0&resize=600:*",
Nissan,2024 Nissan Sentra,"Starting at $22,000 est","https://hips.hearstapps.com/hmg-prod/images/2024-nissan-sentra-e-15-6488668a6dde1.jpg?crop=0.667xw:0.563xh;0.117xw,0.438xh&resize=600:*",7.5
Nissan,2023 Nissan Versa,"Starting at $16,925","https://hips.hearstapps.com/hmg-prod/images/2023-nissan-versa-front-three-quarters-1674835306.jpg?crop=0.710xw:0.599xh;0.159xw,0.315xh&resize=600:*",8
Nissan,2024 Nissan Z,"Starting at $42,000 est","https://hips.hearstapps.com/hmg-prod/images/2023-nissan-z-performance-test-108-1655460635.jpg?crop=0.652xw:0.550xh;0.181xw,0.190xh&resize=600:*",6.5
Pagani,2023 Pagani Utopia,"Starting at $2,190,000","https://hips.hearstapps.com/hmg-prod/images/pagani-utopia-101-1662854771.jpg?crop=0.959xw:0.809xh;0.0244xw,0.191xh&resize=600:*",
Polestar,2024 Polestar Polestar 2,"Starting at $51,300","https://hips.hearstapps.com/hmg-prod/images/2023-polestar-2-performance-1347-1671536762.jpg?crop=0.739xw:0.623xh;0.168xw,0.310xh&resize=600:*",8
Polestar,2024 Polestar Polestar 5,"Starting at $100,000 est","https://hips.hearstapps.com/hmg-prod/images/polestar-5-17-1637683396.jpg?crop=1.00xw:1.00xh;0,0&resize=600:*",
Polestar,2026 Polestar Polestar 6,"Starting at $100,000 est","https://hips.hearstapps.com/hmg-prod/images/polestar-6-101-1660395348.jpg?crop=0.816xw:0.689xh;0.168xw,0.179xh&resize=600:*",
Pontiac,2008 Pontiac Grand Prix,"Starting at $22,960","https://hips.hearstapps.com/hmg-prod/amv-prod-cad-assets/images/media/274710/2008-pontiac-grand-prix-gxp-photo-274869-s-986x603.jpg?crop=1.00xw:0.921xh;0,0.0785xh&resize=600:*",
Porsche,2024 Porsche 718 Boxster,"Starting at $72,050","https://hips.hearstapps.com/hmg-prod/images/2024-porsche-718-boxster-101-1674591861.jpg?crop=0.663xw:0.604xh;0.0657xw,0.277xh&resize=600:*",10
Porsche,2024 Porsche 718 Cayman,"Starting at $69,950","https://hips.hearstapps.com/hmg-prod/images/718-style-edition-18-1667334774.jpg?crop=0.704xw:0.594xh;0.192xw,0.125xh&resize=600:*",10
Porsche,2025 Porsche 718 EV,"Starting at $78,000 est","https://hips.hearstapps.com/hmg-prod/images/porsche-e-cayman-6410b6b983924.jpg?crop=0.915xw:0.823xh;0.0847xw,0.174xh&resize=600:*",
Porsche,2023 Porsche 911,"Starting at $107,550","https://hips.hearstapps.com/hmg-prod/images/2023-porsche-911-t-021-dsc04152-1669058415.jpg?crop=0.596xw:0.502xh;0.216xw,0.377xh&resize=600:*",10
Porsche,2023 Porsche 911 GT3 / GT3 RS,"Starting at $171,150","https://hips.hearstapps.com/hmg-prod/images/2023-porsche-911-gt3-rs-201-1660575621.jpg?crop=0.726xw:0.613xh;0.0994xw,0.240xh&resize=600:*",10
Porsche,2023 Porsche 911 Turbo / Turbo S,"Starting at $184,350","https://hips.hearstapps.com/hmg-prod/images/2021-porsche-911-turbo-s-cabriolet-945-1625059444.jpg?crop=0.490xw:0.412xh;0.249xw,0.432xh&resize=600:*",10
Porsche,2023 Porsche Panamera,"Starting at $93,850","https://hips.hearstapps.com/hmg-prod/images/2023-porsche-panamera-101-1671132898.jpg?crop=0.627xw:0.529xh;0.155xw,0.262xh&resize=600:*",7.5
Porsche,2023 Porsche Panamera Sport Turismo,"Starting at $104,650","https://hips.hearstapps.com/hmg-prod/images/2023-porsche-panamera-sport-turismo-e-hybrid-103-1673277927.jpg?crop=0.583xw:0.493xh;0.332xw,0.387xh&resize=600:*",7
Porsche,2023 Porsche Panamera Turbo / Turbo S,"Starting at $187,850","https://hips.hearstapps.com/hmg-prod/images/2023-porsche-panamera-turbo-s-102-1671562605.jpg?crop=0.824xw:0.697xh;0.0814xw,0.139xh&resize=600:*",8
Porsche,2023 Porsche Taycan,"Starting at $88,150","https://hips.hearstapps.com/hmg-prod/images/2022-porsche-taycan-sport-turismo-gts-19-1638148404.jpg?crop=0.800xw:0.673xh;0.104xw,0.244xh&resize=600:*",9
Porsche,2023 Porsche Taycan Cross Turismo,"Starting at $99,150","https://hips.hearstapps.com/hmg-prod/images/2021-porsche-taycan-4s-cross-turismo-435-1657200802.jpg?crop=0.770xw:0.649xh;0.230xw,0.351xh&resize=600:*",9
Ram,2023 Ram 1500,"Starting at $39,405","https://hips.hearstapps.com/hmg-prod/images/2022-ram-1500-limited-comparison-101-1664420601.jpg?crop=0.645xw:0.545xh;0.191xw,0.350xh&resize=600:*",10
Ram,2025 Ram 1500 REV,"Starting at $58,000 est","https://hips.hearstapps.com/hmg-prod/images/fp023-005rm-1676205195.jpg?crop=0.564xw:0.600xh;0.410xw,0.400xh&resize=600:*",
Ram,2023 Ram 1500 TRX,"Starting at $86,550","https://hips.hearstapps.com/hmg-prod/images/2023-ram-1500-trx-101-1665752612.jpg?crop=0.683xw:0.579xh;0.122xw,0.392xh&resize=600:*",10
Ram,2023 Ram 2500 / 3500,"Starting at $47,470","https://hips.hearstapps.com/hmg-prod/images/2023-ram-2500-hd-rebel-101-1664390955.jpg?crop=0.770xw:0.650xh;0.0896xw,0.291xh&resize=600:*",9
Ram,2024 Ram Rampage,"Starting at $34,000 est","https://hips.hearstapps.com/hmg-prod/images/ram-rampage-rebel-102-6493213096203.jpg?crop=0.800xw:0.675xh;0.0603xw,0.161xh&resize=600:*",
Rimac,2023 Rimac Nevera,"Starting at $2,200,000 est","https://hips.hearstapps.com/hmg-prod/images/2023-rimac-nevera-102-1674583286.jpg?crop=0.853xw:0.320xh;0.0505xw,0.353xh&resize=600:*",9
Rivian,2023 Rivian R1S,"Starting at $79,800","https://hips.hearstapps.com/hmg-prod/images/2022-rivian-r1s-104-1657043543.jpg?crop=0.811xw:0.685xh;0.163xw,0.125xh&resize=600:*",8.5
Rivian,2026 Rivian R2S,"Starting at $40,000 est","https://hips.hearstapps.com/hmg-prod/images/rivian-small-suv-2023-bsy-c-d-version-2-copy-64932eef96a7a.jpg?crop=0.915xw:0.780xh;0,0.220xh&resize=600:*",
Rolls-Royce,2023 Rolls-Royce Ghost,"Starting at $400,000 est","https://hips.hearstapps.com/hmg-prod/images/2023-rolls-royce-black-badge-101-1673365072.jpeg?crop=0.945xw:0.799xh;0.0375xw,0.103xh&resize=600:*",9.5
Rolls-Royce,2023 Rolls-Royce Phantom,"Starting at $460,000 est","https://hips.hearstapps.com/hmg-prod/images/phantom-series-ii-2-1652357186.jpg?crop=1.00xw:0.795xh;0,0.114xh&resize=600:*",10
Rolls-Royce,2024 Rolls-Royce Spectre,"Starting at $400,000 est","https://hips.hearstapps.com/hmg-prod/images/01-spectre-unveiled-the-first-fully-electric-rolls-royce-front-3-4-1666076191.jpg?crop=1.00xw:0.849xh;0,0&resize=600:*",
Saab,2012 Saab 9-3,"Starting at $29,775","https://hips.hearstapps.com/hmg-prod/amv-prod-cad-assets/images/11q1/387349/2012-saab-9-3-griffin-aero-sport-sedan-photo-388004-s-986x603.jpg?crop=1.00xw:0.924xh;0,0.0236xh&resize=600:*",
Saab,2011 Saab 9-5,"Starting at $39,350","https://hips.hearstapps.com/hmg-prod/amv-prod-cad-assets/images/11q1/381982/2012-saab-9-5-sportcombi-photo-390125-s-986x603.jpg?crop=1.00xw:0.919xh;0,0.0812xh&resize=600:*",
Saab,2009 Saab 9-7X,"Starting at $43,390","https://hips.hearstapps.com/hmg-prod/amv-prod-cad-assets/images/media/107063/2008-saab-9-7x-aero-photo-109596-s-986x603.jpg?crop=1.00xw:0.924xh;0,0.0654xh&resize=600:*",
Saturn,2009 Saturn Aura,"Starting at $23,375","https://hips.hearstapps.com/hmg-prod/amv-prod-cad-assets/images/media/190812/2008-saturn-aura-photo-190826-s-986x603.jpg?crop=1.00xw:0.919xh;0,0.0812xh&resize=600:*",
Saturn,2009 Saturn Outlook,"Starting at $31,400","https://hips.hearstapps.com/hmg-prod/amv-prod-cad-assets/images/media/52338/2007-saturn-outlook-photo-54577-s-986x603.jpg?crop=1.00xw:0.919xh;0,0.0524xh&resize=600:*",
Saturn,2009 Saturn Sky,"Starting at $28,265","https://hips.hearstapps.com/hmg-prod/amv-prod-cad-assets/images/media/107896/2007-saturn-sky-red-line-photo-125317-s-986x603.jpg?crop=0.998xw:0.916xh;0.00160xw,0.0838xh&resize=600:*",
Saturn,2009 Saturn Vue,"Starting at $24,025","https://hips.hearstapps.com/hmg-prod/amv-prod-cad-assets/images/media/107204/2008-saturn-vue-xr-photo-112188-s-986x603.jpg?crop=1.00xw:0.919xh;0,0.0812xh&resize=600:*",
Scion,2016 Scion FR-S,"Starting at $26,100","https://hips.hearstapps.com/hmg-prod/amv-prod-cad-assets/wp-content/uploads/2015/10/2016-Scion-FR-S-109.jpg?crop=0.872xw:0.801xh;0,0.199xh&resize=600:*",
Scion,2016 Scion iA,"Starting at $16,495","https://hips.hearstapps.com/hmg-prod/amv-prod-cad-assets/wp-content/uploads/2015/07/2016-Scion-iA-104.jpg?crop=1.00xw:0.921xh;0,0.0787xh&resize=600:*",
Scion,2016 Scion iM,"Starting at $19,255","https://hips.hearstapps.com/hmg-prod/amv-prod-cad-assets/wp-content/uploads/2016/03/2016-Scion-iM-110.jpg?crop=0.814xw:0.749xh;0.00801xw,0.251xh&resize=600:*",
Scion,2016 Scion tC,"Starting at $20,180","https://hips.hearstapps.com/hmg-prod/amv-prod-cad-assets/wp-content/uploads/2015/07/2015-Scion-tC-144.jpg?crop=0.869xw:0.801xh;0.0353xw,0.199xh&resize=600:*",
Scion,2015 Scion xB,"Starting at $17,915","https://hips.hearstapps.com/hmg-prod/amv-prod-cad-assets/images/10q1/335883/2011-scion-xb-photo-335891-s-986x603.jpg?crop=1.00xw:0.921xh;0,0.0785xh&resize=600:*",
Scion,2014 Scion xD,"Starting at $16,690","https://hips.hearstapps.com/hmg-prod/amv-prod-cad-assets/images/media/52303/2008-scion-xd-photo-53941-s-986x603.jpg?crop=1.00xw:0.919xh;0,0.0812xh&resize=600:*",
Scout,2026 Scout SUV,"Starting at $45,000 est","https://hips.hearstapps.com/hmg-prod/images/2026-scout-pickup-suv-side-1652295979.jpeg?crop=0.809xw:0.456xh;0.0228xw,0.106xh&resize=600:*",
Smart,2018 Smart EQ Fortwo,"Starting at $24,550","https://hips.hearstapps.com/hmg-prod/images/2018-smart-electric-drive-cabriolet-1545169633.jpg?crop=0.905xw:0.830xh;0.0801xw,0.170xh&resize=600:*",6
Smart,2017 Smart Fortwo,"Starting at $15,400","https://hips.hearstapps.com/hmg-prod/amv-prod-cad-assets/wp-content/uploads/2017/07/2017-smart-fortwo-cabriolet-119.jpg?crop=1.00xw:0.924xh;0,0.0759xh&resize=600:*",4
Spyker,2017 Spyker C8,,"https://hips.hearstapps.com/hmg-prod/amv-prod-cad-assets/images/09q3/299802/2010-spyker-c8-aileron-photo-299818-s-986x603.jpg?crop=1.00xw:0.924xh;0,0.0759xh&resize=600:*",
Subaru,2023 Subaru BRZ,"Starting at $29,615","https://hips.hearstapps.com/hmg-prod/images/2023-subaru-brz-limited-6mt-lt-intro-381-1669913828.jpg?crop=0.655xw:0.552xh;0.0673xw,0.424xh&resize=600:*",10
Subaru,2024 Subaru Impreza,"Starting at $24,085","https://hips.hearstapps.com/hmg-prod/images/2024-subaru-imprezars102-64258a8412f3b.jpg?crop=0.530xw:0.446xh;0.389xw,0.367xh&resize=600:*",8
Subaru,2024 Subaru Legacy,"Starting at $25,985","https://hips.hearstapps.com/hmg-prod/images/2023-subaru-legacy-101-1652364061.jpg?crop=0.619xw:0.522xh;0.0513xw,0.358xh&resize=600:*",7.5
Subaru,2023 Subaru WRX,"Starting at $31,625","https://hips.hearstapps.com/hmg-prod/images/2022-subaru-wrx-gt-533-1666726180.jpg?crop=0.655xw:0.552xh;0.245xw,0.448xh&resize=600:*",8
Subaru,2028 Subaru WRX STI,"Starting at $50,000 est","https://hips.hearstapps.com/hmg-prod/images/2028-subaru-wrx-sti-ev-101-6440054ca65f1.jpg?crop=0.718xw:0.693xh;0.121xw,0.0670xh&resize=600:*",
Suzuki,2012 Suzuki Equator,"Starting at $18,814","https://hips.hearstapps.com/hmg-prod/amv-prod-cad-assets/images/media/250010/2009-suzuki-equator-photo-250012-s-986x603.jpg?crop=1.00xw:0.921xh;0,0.0785xh&resize=600:*",
Suzuki,2008 Suzuki Forenza,"Starting at $15,149","https://hips.hearstapps.com/hmg-prod/amv-prod-cad-assets/images/media/35793/2005-suzuki-forenza-ex-wagon-photo-40443-s-986x603.jpg?crop=1.00xw:0.919xh;0,0.0497xh&resize=600:*",
Suzuki,2013 Suzuki Grand Vitara,"Starting at $20,799","https://hips.hearstapps.com/hmg-prod/amv-prod-cad-assets/images/09q4/311238/2009-suzuki-grand-vitara-photo-311304-s-986x603.jpg?crop=0.995xw:0.916xh;0.00481xw,0.00785xh&resize=600:*",
Suzuki,2013 Suzuki Kizashi,"Starting at $20,794","https://hips.hearstapps.com/hmg-prod/amv-prod-cad-assets/images/10q2/351328/2010-suzuki-kizashi-gts-photo-434313-s-986x603.jpg?crop=0.869xw:0.798xh;0.131xw,0.202xh&resize=600:*",
Tesla,2023 Tesla Model 3,"Starting at $41,880","https://hips.hearstapps.com/hmg-prod/images/2023-tesla-model-3-101-1671468297.jpeg?crop=0.575xw:0.575xh;0.324xw,0.214xh&resize=600:*",8.5
Tesla,2023 Tesla Model S,"Starting at $90,130","https://hips.hearstapps.com/hmg-prod/images/2020-porsche-taycan-4s-vs-2020-tesla-model-s-long-range-202-1621386342.jpg?crop=0.842xw:0.711xh;0,0.161xh&resize=600:*",8.5
Tesla,2023 Tesla Roadster,"Starting at $200,000 est","https://hips.hearstapps.com/hmg-prod/amv-prod-cad-assets/wp-content/uploads/2017/11/Tesla-Roadster-103.jpg?crop=0.792xw:0.733xh;0.136xw,0.225xh&resize=600:*",
Toyota,2025 Toyota Camry,"Starting at $29,000 est","https://hips.hearstapps.com/hmg-prod/images/2025-toyota-camry-spied-front-three-quarters-646f851812ef4.jpg?crop=1.00xw:0.846xh;0,0.0611xh&resize=600:*",
Toyota,2024 Toyota Corolla,"Starting at $23,000 est","https://hips.hearstapps.com/hmg-prod/images/2024-toyota-corolla-sedan-nightshade-102-64591f781c16b.jpg?crop=0.581xw:0.404xh;0.199xw,0.366xh&resize=600:*",7.5
Toyota,2023 Toyota Crown,"Starting at $41,045","https://hips.hearstapps.com/hmg-prod/images/2023-toyota-crown-101-1657642173.jpg?crop=0.798xw:0.673xh;0.168xw,0.188xh&resize=600:*",8.5
Toyota,2024 Toyota GR Corolla,"Starting at $37,000 est","https://hips.hearstapps.com/hmg-prod/images/2024-toyota-gr-corolla-circuit-edition-101-648cad3df1759.jpg?crop=0.932xw:0.785xh;0.0456xw,0.132xh&resize=600:*",10
Toyota,2024 Toyota GR Supra,"Starting at $45,000 est","https://hips.hearstapps.com/hmg-prod/images/2024-toyota-gr-supra-45th-anniversary-edition-106-648cadc57f6f0.jpg?crop=0.839xw:0.709xh;0.103xw,0.134xh&resize=600:*",10
Toyota,2024 Toyota GR86,"Starting at $30,000 est","https://hips.hearstapps.com/hmg-prod/images/2024-toyota-gr-86-trueno-103-648cac921d85c.jpg?crop=0.907xw:0.765xh;0.0831xw,0.125xh&resize=600:*",10
Toyota,2023 Toyota Mirai,"Starting at $50,595","https://hips.hearstapps.com/hmg-prod/images/2023-toyota-mirai-102-1671565633.jpg?crop=0.770xw:0.650xh;0.130xw,0.291xh&resize=600:*",6
Toyota,2023 Toyota Prius,"Starting at $28,545","https://hips.hearstapps.com/hmg-prod/images/2023-toyota-prius-front-three-quarters-in-motion-2-1670948361.jpg?crop=0.749xw:0.633xh;0.0554xw,0.303xh&resize=600:*",8.5
Toyota,2023 Toyota Prius Prime,"Starting at $33,445","https://hips.hearstapps.com/hmg-prod/images/2023-toyota-prius-prime-xse-474-647f7e6f0b72e.jpg?crop=0.606xw:0.511xh;0.335xw,0.465xh&resize=600:*",8.5
VinFast,2024 VinFast VF6,"Starting at $30,000 est","https://hips.hearstapps.com/hmg-prod/images/2024-vinfast-vf6-103-1669660034.jpg?crop=0.920xw:0.920xh;0.0785xw,0.0541xh&resize=600:*",
VinFast,2024 VinFast VF7,"Starting at $37,000 est","https://hips.hearstapps.com/hmg-prod/images/2024-vinfast-vf7-101-1669828168.jpg?crop=0.928xw:0.931xh;0,0.0347xh&resize=600:*",
VinFast,2023 VinFast VF8,"Starting at $47,200","https://hips.hearstapps.com/hmg-prod/images/2023-vinfast-vf8-9092-64638b977d121.jpg?crop=0.644xw:0.543xh;0.0721xw,0.238xh&resize=600:*",6
VinFast,2023 VinFast VF9,"Starting at $77,400","https://hips.hearstapps.com/hmg-prod/images/vinfast-vf9-1-1-641daa6412e63.jpg?crop=1.00xw:0.846xh;0,0.142xh&resize=600:*",
Volkswagen,2024 Volkswagen Arteon,"Starting at $45,000 est","https://hips.hearstapps.com/hmg-prod/images/2022-volkswagen-arteon-sel-r-line-102-1654208285.jpg?crop=0.526xw:0.445xh;0.296xw,0.315xh&resize=600:*",8
Volkswagen,2023 Volkswagen Golf GTI,"Starting at $31,625","https://hips.hearstapps.com/hmg-prod/images/2022-volkswagen-golf-gti-drive-109-1596977196.jpg?crop=0.676xw:0.570xh;0.168xw,0.341xh&resize=600:*",9.5
Volkswagen,2023 Volkswagen Golf R,"Starting at $45,835","https://hips.hearstapps.com/hmg-prod/images/15796-golfr20thanniversaryedition-1662038577.jpg?crop=0.537xw:0.455xh;0.182xw,0.347xh&resize=600:*",9.5
Volkswagen,2025 Volkswagen ID.7,"Starting at $55,000 est","https://hips.hearstapps.com/hmg-prod/images/2025-volkswagen-id7-20-643aaba0edd2d.jpg?crop=0.737xw:0.621xh;0.0946xw,0.345xh&resize=600:*",
Volkswagen,2023 Volkswagen Jetta,"Starting at $21,750","https://hips.hearstapps.com/hmg-prod/images/2022-volkswagen-jetta-sel-417-1651859050.jpg?crop=0.515xw:0.434xh;0.375xw,0.527xh&resize=600:*",8.5
Volkswagen,2023 Volkswagen Jetta GLI,"Starting at $32,680","https://hips.hearstapps.com/hmg-prod/images/2022-volkswagen-jetta-gli-autobahn-103-edit-1645827739.jpg?crop=0.679xw:0.572xh;0.111xw,0.428xh&resize=600:*",8.5
Volvo,2024 Volvo S60,"Starting at $43,095","https://hips.hearstapps.com/hmg-prod/images/294035-s60-recharge-t8-thunder-grey-1647010632.jpg?crop=0.482xw:0.362xh;0.264xw,0.408xh&resize=600:*",8
Volvo,2024 Volvo S90,"Starting at $58,795","https://hips.hearstapps.com/hmg-prod/images/2024-volvo-s90-102-649314d6859dc.jpg?crop=0.384xw:0.398xh;0.419xw,0.425xh&resize=600:*",8
Volvo,2024 Volvo V60 / V60 Cross Country,"Starting at $50,845","https://hips.hearstapps.com/hmg-prod/images/2023-volvo-v60-cross-country-b5-awd-293-1667314391.jpg?crop=0.697xw:0.588xh;0.277xw,0.378xh&resize=600:*",8.5
Volvo,2024 Volvo V90 Cross Country,"Starting at $60,245","https://hips.hearstapps.com/hmg-prod/images/2024-volvo-v90-cross-country-102-64935e992ce4d.jpg?crop=0.505xw:0.425xh;0.287xw,0.357xh&resize=600:*",8.5
